paper_item,description,source,chunk,output,required_inputs
Table 1,Sample attrition and demographics,analysis_main.Rmd,sample-attrition,VTC_RTG_analysis.pdf; VTC_RTG_analysis.docx,Restricted behaviour and demographics; computed analysis state or authorised result archive
Figure 1,Investor behaviour and response to feedback,analysis_main.Rmd,investor-behaviour-panel,VTC_RTG_analysis.pdf; VTC_RTG_analysis.docx,Restricted behaviour and demographics; computed analysis state or authorised result archive
Figure 2,Trustee behaviour and tactical responses,analysis_main.Rmd,trustee-behaviour-panel,VTC_RTG_analysis.pdf; VTC_RTG_analysis.docx,Restricted behaviour and demographics; computed analysis state or authorised result archive
Figure 3,Investor hidden-state emissions and occupancy,analysis_main.Rmd,investor-hmm-state-panel,VTC_RTG_analysis.pdf; VTC_RTG_analysis.docx,Restricted behaviour and demographics; computed analysis state or authorised result archive
Figure 4,Trustee hidden-state emissions and occupancy,analysis_main.Rmd,trustee-hmm-state-panel,VTC_RTG_analysis.pdf; VTC_RTG_analysis.docx,Restricted behaviour and demographics; computed analysis state or authorised result archive
Figure 5,Trustee cooperation dynamics,analysis_main.Rmd,trustee-contrast-panel,VTC_RTG_analysis.pdf; VTC_RTG_analysis.docx,Restricted behaviour and demographics; computed analysis state or authorised result archive
Table S1,Average investment by diagnostic group,supplement.Rmd,supp-investor-summary,supplement.pdf,Restricted behaviour and demographics; computed analysis state or authorised result archive
Table S2,Investor LMM model comparison (smaller AIC is better).,supplement.Rmd,supp-investor-lmm-aic,supplement.pdf,Restricted behaviour and demographics; computed analysis state or authorised result archive
Table S3,Likelihood-ratio tests comparing the fit of nested Investor Linear Mixed Models.,supplement.Rmd,supp-investor-lmm-lrt,supplement.pdf,Restricted behaviour and demographics; computed analysis state or authorised result archive
Table S4,Investor LMM fixed effects (REML).,supplement.Rmd,supp-investor-lmm-coefs,supplement.pdf,Restricted behaviour and demographics; computed analysis state or authorised result archive
Table S5,"Trial-level hierarchical GLMMs for investor tactical responses. Significance levels: * p < .05, ** p < .01, *** p < .001",supplement.Rmd,supp-investor-glmm-table,supplement.pdf,Restricted behaviour and demographics; computed analysis state or authorised result archive
Table S6,Average return proportion by diagnostic group,supplement.Rmd,supp-trustee-summary,supplement.pdf,Restricted behaviour and demographics; computed analysis state or authorised result archive
Table S7,Likelihood-ratio tests comparing the fit of nested Trustee Linear Mixed Models.,supplement.Rmd,supp-trustee-lmm-lrt,supplement.pdf,Restricted behaviour and demographics; computed analysis state or authorised result archive
Table S8,Trustee LMM fixed effects (REML).,supplement.Rmd,supp-trustee-lmm-coefs,supplement.pdf,Restricted behaviour and demographics; computed analysis state or authorised result archive
Table S9,"Trial-level hierarchical GLMMs for trustee tactical responses. Significance levels: * p < .05, ** p < .01, *** p < .001",supplement.Rmd,supp-trustee-glmm-table,supplement.pdf,Restricted behaviour and demographics; computed analysis state or authorised result archive
Table S10,Complete-case sample sizes for demographic covariate sensitivity analyses,supplement.Rmd,supp-demographic-sensitivity-counts,supplement.pdf,Restricted behaviour and demographics; computed analysis state or authorised result archive
Table S11,Diagnosis-relevant focal effects from complete-case demographic sensitivity analyses for the primary LMMs. Raw and Holm-adjusted p-values are both shown for contrast-based trustee effects.,supplement.Rmd,supp-demographic-sensitivity-primary,supplement.pdf,Restricted behaviour and demographics; computed analysis state or authorised result archive
Table S12,Complete-case demographic sensitivity analyses for trustee tactical contrasts (raw and Holm-adjusted p-values shown),supplement.Rmd,supp-demographic-sensitivity-tactical,supplement.pdf,Restricted behaviour and demographics; computed analysis state or authorised result archive
Table S13,Sample sizes for administration-mode sensitivity analyses,supplement.Rmd,supp-admin-sensitivity-counts,supplement.pdf,Restricted behaviour and demographics; computed analysis state or authorised result archive
Table S14,Administration mode by game role and diagnostic group,supplement.Rmd,supp-admin-type-distribution,supplement.pdf,Restricted behaviour and demographics; computed analysis state or authorised result archive
Table S15,Diagnosis-relevant focal effects from administration-mode sensitivity analyses for the primary LMMs. Raw and Holm-adjusted p-values are both shown for contrast-based trustee effects.,supplement.Rmd,supp-admin-sensitivity-primary,supplement.pdf,Restricted behaviour and demographics; computed analysis state or authorised result archive
Table S16,Administration-mode sensitivity analyses for trustee tactical contrasts (raw and Holm-adjusted p-values shown),supplement.Rmd,supp-admin-sensitivity-tactical,supplement.pdf,Restricted behaviour and demographics; computed analysis state or authorised result archive
Table S17,Cooperative-state occupancy differences under online-only and demographic checks,supplement.Rmd,supp-hidden-state-occupancy-sensitivity,supplement.pdf,Restricted behaviour and demographics; computed analysis state or authorised result archive
Table S18,Return to cooperation from the low-return state under online-only and demographic checks,supplement.Rmd,supp-hidden-state-repair-sensitivity,supplement.pdf,Restricted behaviour and demographics; computed analysis state or authorised result archive
Table S19,Group differences in remaining in cooperation and returning from exploitative or neutral states,supplement.Rmd,supp-trustee-decoded-retention-entry,supplement.pdf,Restricted behaviour and demographics; computed analysis state or authorised result archive
Table S20,Group differences in leaving cooperation for exploitative or neutral states,supplement.Rmd,supp-trustee-decoded-destinations,supplement.pdf,Restricted behaviour and demographics; computed analysis state or authorised result archive
Table S21,ANOVA results: trustee total payoffs by group.,supplement.Rmd,supp-trustee-payoff,supplement.pdf,Restricted behaviour and demographics; computed analysis state or authorised result archive
Table S22,ANOVA results: investor total payoffs by group.,supplement.Rmd,supp-investor-payoff,supplement.pdf,Restricted behaviour and demographics; computed analysis state or authorised result archive
Table S23,Comparison and selection of trustee hidden-state models,supplement.Rmd,supp-trustee-hmm-models,supplement.pdf,Restricted behaviour and demographics; computed analysis state or authorised result archive
Table S24,Model Comparison for Investor Hidden Markov Models,supplement.Rmd,supp-investor-hmm-models,supplement.pdf,Restricted behaviour and demographics; computed analysis state or authorised result archive
Table S25,Investor hidden-state results and sensitivity analyses,supplement.Rmd,supp-investor-hmm-results,supplement.pdf,Restricted behaviour and demographics; computed analysis state or authorised result archive
Table S26,Time spent in each trustee state by group and overall tests of group differences,supplement.Rmd,supp-trustee-state-occupancy-omnibus,supplement.pdf,Restricted behaviour and demographics; computed analysis state or authorised result archive
Table S27,Pairwise group differences in time spent in each trustee state,supplement.Rmd,supp-trustee-state-occupancy-pairwise,supplement.pdf,Restricted behaviour and demographics; computed analysis state or authorised result archive
Table S28,Estimated probabilities for the primary trustee cooperation measures,supplement.Rmd,supp-trustee-primary-levels,supplement.pdf,Restricted behaviour and demographics; computed analysis state or authorised result archive
Table S29,Pairwise group differences in the primary trustee cooperation measures,supplement.Rmd,supp-trustee-primary-contrasts,supplement.pdf,Restricted behaviour and demographics; computed analysis state or authorised result archive
Table S30,Return profiles and cooperative-state definitions for four-state and six-state models,supplement.Rmd,supp-trustee-state-count-definitions,supplement.pdf,Restricted behaviour and demographics; computed analysis state or authorised result archive
Table S31,Key group comparisons in four-state and six-state trustee models,supplement.Rmd,supp-trustee-state-count-claims,supplement.pdf,Restricted behaviour and demographics; computed analysis state or authorised result archive
Table S32,Estimated probabilities of movement between neutral and cooperative states,supplement.Rmd,supp-trustee-secondary-levels,supplement.pdf,Restricted behaviour and demographics; computed analysis state or authorised result archive
Table S33,Pairwise group differences in movement between neutral and cooperative states,supplement.Rmd,supp-trustee-secondary-contrasts,supplement.pdf,Restricted behaviour and demographics; computed analysis state or authorised result archive
Table S34,Long-run cooperation differences under online-only and demographic checks,supplement.Rmd,supp-trustee-long-run-covariate-contrasts,supplement.pdf,Restricted behaviour and demographics; computed analysis state or authorised result archive
Figure S1,Full trustee state-transition probabilities by diagnostic group and investment,supplement.Rmd,supp-transProbsTrustee,supplement.pdf,Restricted behaviour and demographics; computed analysis state or authorised result archive
